Passenger_Id,pclass,survived,sex,age,sibsp,parch,ticket,fare,cabin,embarked,boat,body
1,3,0,male,39,1,5,347082,31.275,,S,,
2,3,1,female,15,0,0,330923,8.0292,,Q,,
3,2,1,male,26,1,1,248738,29,,S,13,
4,3,0,male,23,0,0,347468,7.8542,,S,,
5,3,1,male,20,1,0,STON/O 2. 3101285,7.925,,S,15,
6,2,0,female,44,1,0,244252,26,,S,,
7,3,0,female,,1,9,CA. 2343,69.55,,S,,
8,2,0,male,30,0,0,233478,13,,S,,
9,3,0,male,26,0,0,341826,8.05,,S,,103
10,3,0,female,25,0,0,347071,7.775,,S,,
11,3,0,male,30,1,0,A/5. 3336,16.1,,S,,
12,1,0,male,64,0,0,693,26,,S,,263
13,2,0,male,23,0,0,C.A. 31030,10.5,,S,,
14,2,0,male,,0,0,SC/PARIS 2131,15.05,,C,,
15,3,0,female,18,2,0,345764,18,,S,,
16,1,1,female,32,0,0,11813,76.2917,D15,C,8,
17,3,0,male,,0,0,36865,7.7375,,Q,,
18,3,0,male,40,1,1,364849,15.5,,Q,,
19,3,0,male,40,0,0,349251,7.8958,,S,,
20,1,0,male,19,1,0,113773,53.1,D30,S,,
21,1,0,male,,0,0,113028,26.55,C124,S,,
22,3,1,female,,0,0,2626,7.2292,,C,,
23,1,1,male,48,0,0,19952,26.55,E12,S,3,
24,3,1,male,20,0,0,SOTON/O2 3101284,7.925,,S,15,
25,3,1,female,47,1,0,363272,7,,S,,
26,2,0,male,42,0,0,244310,13,,S,,
27,1,0,male,33,0,0,695,5,B51 B53 B55,S,,
28,3,0,male,22,0,0,PP 4348,9.35,,S,,
29,3,1,male,26,0,0,2699,18.7875,,C,15,
30,2,0,male,21,1,0,28134,11.5,,S,,
31,2,0,male,28,0,0,244358,26,,S,,
32,3,0,female,41,0,5,3101295,39.6875,,S,,
33,3,0,female,27,1,0,STON/O2. 3101270,7.925,,S,,
34,2,1,male,62,0,0,S.W./PP 752,10.5,,S,15,
35,2,0,male,40,1,0,2926,26,,S,,286
36,3,1,male,24,0,0,S.O./P.P. 752,7.55,,S,D,
37,3,0,male,39,0,2,2675,7.2292,,C,,
38,3,1,female,,0,0,14312,7.75,,Q,D,
39,1,1,male,43,1,0,17765,27.7208,D40,C,5,
40,1,0,male,61,0,0,111240,33.5,B19,S,,245
41,3,0,male,,0,0,349238,7.8958,,S,,
42,3,0,female,21,1,0,4137,9.825,,S,,
43,3,0,male,,0,0,349201,7.8958,,S,,
44,3,1,male,23,0,0,350054,7.7958,,S,13,
45,3,0,male,22,0,0,STON/O 2. 3101275,7.125,,S,,
46,3,0,male,39,0,0,A/4 48871,24.15,,S,,
47,3,0,male,18,0,0,350036,7.7958,,S,,
48,2,0,male,54,0,0,29011,14,,S,,
49,3,1,male,19,0,0,A/5. 10482,8.05,,S,B,
50,3,0,male,16,0,0,345778,9.5,,S,,
51,2,0,male,40,0,0,28221,13,,S,,
52,2,0,male,62,0,0,240276,9.6875,,Q,,
53,3,0,male,23,0,0,SOTON/O.Q. 3101309,7.05,,S,,
54,3,0,male,,0,0,323592,7.25,,S,A,
55,3,0,male,,0,0,368703,7.75,,Q,,
56,3,0,female,,0,0,330924,7.8792,,Q,,
57,3,0,male,21,0,0,A/4. 39886,7.8,,S,,
58,3,1,female,5,0,0,364516,12.475,,S,13,
59,1,1,female,,0,0,17770,27.7208,,C,5,
60,1,1,female,37,1,0,19928,90,C78,Q,14,
61,1,0,male,45,0,0,113784,35.5,T,S,,
62,3,1,male,21,0,0,350034,7.7958,,S,A,
63,2,1,female,25,1,1,237789,30,,S,12,
64,3,0,male,18,1,0,2680,14.4542,,C,,
65,3,1,female,,1,0,367230,15.5,,Q,16,
66,1,1,female,45,1,1,36928,164.8667,,S,8,
67,3,0,male,33,0,0,A./5. 3338,8.05,,S,,
68,3,0,male,,0,0,A/5 2466,8.05,,S,,
69,1,1,female,52,1,1,12749,93.5,B69,S,3,
70,3,0,female,30.5,0,0,364850,7.75,,Q,,61
71,3,0,female,1,1,1,350405,12.1833,,S,,
72,1,1,male,53,0,0,113780,28.5,C51,C,B,
73,2,0,male,25,0,0,C.A. 31029,31.5,,S,,
74,3,0,male,,0,0,392092,8.05,,S,,
75,3,0,male,,1,1,A/5. 851,14.5,,S,,
76,2,0,male,63,1,0,24065,26,,S,,
77,2,0,male,19,0,0,28004,10.5,,S,,
78,2,1,female,28,0,0,237668,13,,S,13,
79,2,0,male,26,0,0,248659,13,,S,,
80,2,1,male,,0,0,SC/PARIS 2146,13.8625,,C,9,
81,1,1,female,48,1,0,11755,39.6,A16,C,1,
82,1,0,male,,0,0,PC 17318,25.925,,S,,
83,3,1,male,29,0,0,345779,9.5,,S,11,
84,3,0,female,18,0,0,365226,6.75,,Q,,
85,3,1,female,9,1,1,2650,15.2458,,C,C,
86,3,0,male,,1,0,65303,19.9667,,S,,
87,3,0,male,21,0,0,8475,8.4333,,S,,
88,1,1,male,35,0,0,111426,26.55,,C,15,
89,3,0,male,,0,0,362316,7.25,,S,,
90,1,1,female,33,0,0,PC 17613,27.7208,A11,C,11,
91,2,0,male,,0,0,239854,0,,S,,
92,3,0,male,18,1,1,350404,7.8542,,S,,
93,2,1,female,50,0,1,230433,26,,S,12,
94,3,1,male,32,0,0,350403,7.5792,,S,15,
95,1,1,female,19,0,0,112053,30,B42,S,3,
96,1,1,female,54,1,0,36947,78.2667,D20,C,4,
97,2,0,male,33,0,0,SCO/W 1585,12.275,,S,,
98,2,1,female,19,0,0,28404,13,,S,12,
99,2,0,male,30,1,0,CA 31352,21,,S,,
100,3,0,female,,0,0,343095,8.05,,S,,
101,3,0,male,17,1,0,350048,7.0542,,S,,
102,3,0,male,28,0,0,349243,7.8958,,S,,306
103,3,0,male,,0,0,349216,7.8958,,S,,
104,3,1,male,4,1,1,347742,11.1333,,S,15,
105,3,1,female,18,0,0,4138,9.8417,,S,15,
106,3,0,male,22,0,0,SC/A4 23568,8.05,,S,,
107,3,0,male,,0,0,S.O./P.P. 751,7.55,,S,,
108,3,1,female,5,4,2,347077,31.3875,,S,15,
109,3,1,female,,1,0,376564,16.1,,S,10,
110,3,0,male,,0,0,345777,9.5,,S,,
111,2,0,male,28,0,0,248740,13,,S,,
112,1,1,male,54,1,0,11778,55.4417,C116,C,1,
113,2,1,female,23,0,0,SC/AH Basle 541,13.7917,D,C,11,
114,1,1,male,,0,0,F.C. 12998,25.7417,,C,7,
115,3,0,male,33,0,0,347465,7.8542,,S,,
116,3,0,male,24,0,0,342441,8.05,,S,,
117,1,1,female,24,0,0,PC 17477,69.3,B35,C,9,
118,1,1,female,60,1,0,110813,75.25,D37,C,5,
119,2,0,male,47,0,0,237565,15,,S,,
120,1,1,male,34,0,0,113794,26.55,,S,7,
121,1,1,male,40,0,0,112277,31,A31,C,7,
122,3,0,male,28,2,0,3101277,7.925,,S,,
123,1,1,female,39,0,0,PC 17758,108.9,C105,C,8,
124,3,0,male,25,0,0,SOTON/O.Q. 3101312,7.05,,S,,79
125,3,0,female,22,0,0,7553,9.8375,,S,,
126,2,1,female,30,1,0,SC/PARIS 2148,13.8583,,C,12,
127,3,0,male,25,0,0,36864,7.7417,,Q,,
128,1,1,female,25,1,0,11765,55.4417,E50,C,5,
129,1,0,male,46,0,0,13050,75.2417,C6,C,,292
130,3,0,male,22,0,0,350052,7.7958,,S,,156
131,3,0,female,29,0,4,349909,21.075,,S,,206
132,2,1,female,14,1,0,237736,30.0708,,C,,
133,2,1,male,1,0,2,S.C./PARIS 2079,37.0042,,C,10,
134,2,1,female,33,1,2,C.A. 34651,27.75,,S,10,
135,1,0,male,55,0,0,680,50,C39,S,,
136,3,0,male,,0,0,358585,14.5,,S,,
137,3,0,male,25,0,0,348123,7.65,F G73,S,,309
138,3,0,female,31,0,0,350407,7.8542,,S,,
139,3,0,male,19,0,0,349212,7.8958,,S,,
140,1,0,male,70,1,1,WE/P 5735,71,B22,S,,269
141,1,1,female,58,0,1,PC 17755,512.3292,B51 B53 B55,C,3,
142,3,0,male,25,1,0,349237,17.8,,S,,
143,2,0,male,42,1,1,28220,32.5,,S,,
144,3,0,male,,0,0,315037,8.6625,,S,,
145,1,0,female,50,0,0,PC 17595,28.7125,C49,C,,
146,3,0,male,43,0,0,349226,7.8958,,S,,
147,3,0,male,27,1,0,2659,14.4542,,C,C,
148,3,1,male,29,0,0,382651,7.75,,Q,13 15 B,
149,3,1,male,,2,0,367226,23.25,,Q,16,
150,3,0,male,27,0,0,315083,8.6625,,S,,
151,3,0,male,20,0,0,350050,7.8542,,S,,
152,3,0,male,31,3,0,345763,18,,S,,
153,2,1,female,32.5,0,0,27267,13,E101,S,12,
154,3,1,male,21,0,0,345501,7.775,,S,15,
155,1,1,female,24,0,0,11767,83.1583,C54,C,7,
156,3,0,male,30,0,0,SOTON/OQ 392090,8.05,,S,,
157,3,1,male,22,0,0,2658,7.225,,C,13 15,
158,3,0,female,,0,0,330935,8.1375,,Q,,
159,2,0,male,30,0,0,W/C 14208,10.5,,S,,
160,1,0,male,45.5,0,0,113043,28.5,C124,S,,166
161,1,0,male,31,0,0,PC 17590,50.4958,A24,S,,
162,2,0,male,26,0,0,244368,13,F2,S,,
163,1,0,male,61,1,3,PC 17608,262.375,B57 B59 B63 B66,C,,
164,3,1,male,30,0,0,345774,9.5,,S,11,
165,3,1,female,45,1,0,350026,14.1083,,S,11,
166,1,1,female,22,1,0,113776,66.6,C2,S,8,
167,3,0,male,29,0,0,STON/O 2. 3101268,7.925,,S,,
168,3,0,female,48,1,3,W./C. 6608,34.375,,S,,
169,2,0,male,32,0,0,C.A. 33111,10.5,,S,,
170,1,1,female,36,0,0,PC 17760,135.6333,C32,C,8,
171,3,1,female,,0,0,330932,7.7875,,Q,13,
172,2,0,male,25,1,2,SC/Paris 2123,41.5792,,C,,
173,3,0,male,,0,0,SOTON/OQ 392082,8.05,,S,,
174,1,1,male,45,0,0,111428,26.55,,S,9,
175,3,0,female,20,1,0,4136,9.825,,S,,
176,3,0,male,27,0,0,2670,7.225,,C,,
177,3,1,female,,0,0,334915,7.7208,,Q,13,
178,1,0,male,62,0,0,113807,26.55,,S,,
179,1,0,female,36,0,0,PC 17531,31.6792,A29,C,,
180,3,0,female,6,4,2,347082,31.275,,S,,
181,1,1,female,24,0,0,PC 17477,69.3,B35,C,9,
182,2,0,male,30,0,0,28228,13,,S,,
183,3,0,female,30,0,0,315084,8.6625,,S,,
184,3,0,male,24,1,0,376566,16.1,,S,,
185,2,0,male,35,0,0,239865,26,,S,,322
186,1,0,female,63,1,0,PC 17483,221.7792,C55 C57,S,,
187,3,1,female,30,0,0,364516,12.475,,S,13,
188,1,0,male,,0,0,112058,0,B102,S,,
189,2,0,male,41,0,0,237734,15.0458,,C,,
190,2,0,male,42,1,0,243847,27,,S,,
191,2,0,male,24,0,0,233866,13,,S,,155
192,1,1,female,16,0,1,111361,57.9792,B18,C,4,
193,2,0,male,61,0,0,235509,12.35,,Q,,
194,3,0,male,25,1,0,347076,7.775,,S,,
195,3,0,male,19,0,0,349228,10.1708,,S,,
196,2,0,male,21,2,0,S.O.C. 14879,73.5,,S,,
197,3,1,male,32,0,0,350417,7.8542,,S,15,
198,3,1,female,33,3,0,3101278,15.85,,S,,
199,3,0,female,,3,1,4133,25.4667,,S,,
200,3,0,male,,0,0,349235,7.8958,,S,,
201,1,1,female,35,1,0,19943,90,C93,S,D,
202,1,0,male,50,1,1,113503,211.5,C80,C,,
203,3,0,male,36,0,0,A/5 21175,7.25,,S,,
204,1,0,male,42,0,0,17475,26.55,,S,,
205,3,0,female,,1,0,2660,14.4542,,C,,
206,3,0,male,19,0,0,349205,7.8958,,S,,
207,3,0,female,30,1,1,345773,24.15,,S,,
208,2,1,female,3,1,2,SC/Paris 2123,41.5792,,C,14,
209,3,1,female,21,0,0,343120,7.65,,S,C,
210,1,1,male,35,0,0,PC 17475,26.2875,E24,S,5,
211,1,1,male,42,1,0,11753,52.5542,D19,S,5,
212,1,1,male,4,0,2,33638,81.8583,A34,S,5,
213,3,0,female,,0,0,364859,7.75,,Q,,
214,3,0,male,,0,0,7935,7.75,,Q,,
215,3,0,male,,0,0,383121,7.75,F38,Q,,
216,3,1,male,,0,0,368783,7.75,,Q,,
217,3,1,female,,0,0,330919,7.8292,,Q,13,
218,2,1,female,29,1,0,26707,26,,S,10,
219,3,1,female,27,0,1,392096,12.475,E121,S,14,
220,1,1,male,30,1,0,13236,57.75,C78,C,11,
221,3,1,female,22,1,1,3101298,12.2875,,S,15,
222,3,1,female,24,0,0,382653,7.75,,Q,15,
223,3,0,male,,0,0,374910,8.05,,S,,
224,3,1,female,4,0,1,349256,13.4167,,C,15,
225,3,1,female,4,0,2,315153,22.025,,S,2,
226,3,0,male,18,0,0,347090,7.75,,S,,
227,3,0,female,3,1,1,SOTON/O.Q. 3101315,13.775,,S,,
228,3,0,female,30,1,0,349910,15.55,,S,A,
229,3,0,female,29,0,0,3101297,7.925,,S,,
230,3,0,female,21,2,2,W./C. 6608,34.375,,S,,
231,2,1,female,25,0,1,230433,26,,S,12,
232,3,1,male,,0,0,3470,7.8875,,S,C,
233,3,0,male,51,0,0,21440,8.05,,S,,
234,2,0,male,30,1,1,250651,26,,S,,
235,3,0,male,24,0,0,349911,7.775,,S,,
236,2,1,male,34,0,0,248698,13,D56,S,13,
237,3,0,male,,0,0,3410,8.7125,,S,,
238,2,0,male,30,0,0,248744,13,,S,,
239,1,0,male,,0,0,113056,26,A19,S,,
240,3,0,male,,0,0,2629,7.2292,,C,,
241,3,1,female,24,0,3,2666,19.2583,,C,C,
242,3,0,male,22,0,0,349206,7.8958,,S,,
243,2,0,male,31,0,0,C.A. 18723,10.5,,S,,165
244,3,0,female,,1,0,2665,14.4542,,C,,
245,2,1,female,,0,0,248727,33,,S,11,
246,1,0,male,23,0,0,12749,93.5,B24,S,,
247,3,0,male,38.5,0,0,SOTON/O.Q. 3101262,7.25,,S,,32
248,3,0,male,36,0,0,LINE,0,,S,,
249,3,0,male,,0,0,2684,7.225,,C,,
250,3,0,male,36,0,0,349247,7.8958,,S,,
251,1,0,female,25,1,2,113781,151.55,C22 C26,S,,
252,2,0,female,38,0,0,237671,13,,S,,
253,3,0,male,21,1,0,3101266,6.4958,,S,,
254,2,1,female,24,1,2,220845,65,,S,9,
255,3,0,female,18,0,1,2691,14.4542,,C,,
256,1,1,female,45,0,0,PC 17608,262.375,,C,4,
257,3,0,male,,0,0,A/5 2817,8.05,,S,,
258,2,1,female,29,0,0,C.A. 29395,10.5,F33,S,11,
259,3,0,male,16,2,0,345764,18,,S,,
260,2,0,male,25,0,0,C.A. 29178,13,,S,,
261,1,0,male,27,1,0,13508,136.7792,C89,C,,
262,1,1,female,,1,0,PC 17611,133.65,,S,5,
263,3,0,male,,0,0,2622,7.2292,,C,,
264,2,0,male,43,1,1,F.C.C. 13529,26.25,,S,,
265,2,0,male,21,0,0,S.O.C. 14879,73.5,,S,,
266,3,1,female,0.1667,1,2,C.A. 2315,20.575,,S,10,
267,3,0,male,11.5,1,1,A/5. 851,14.5,,S,,1
268,1,1,male,80,0,0,27042,30,A23,S,B,
269,2,1,female,50,0,0,F.C.C. 13531,10.5,,S,9,
270,1,0,male,47,1,0,PC 17757,227.525,C62 C64,C,,124
271,3,0,male,20,0,0,345769,9.5,,S,,
272,3,0,male,33,0,0,345780,9.5,,S,,
273,2,0,male,51,0,0,S.O.P. 1166,12.525,,S,,174
274,2,1,female,36,1,0,226875,26,,S,11,
275,2,0,female,60,1,0,24065,26,,S,,
276,1,0,male,39,0,0,PC 17580,29.7,A18,C,,133
277,1,0,male,61,0,0,36963,32.3208,D50,S,,46
278,1,1,male,49,1,0,17453,89.1042,C92,C,5,
279,3,1,male,18,0,0,A/5 3540,8.05,,S,12,
280,3,0,male,4,4,2,347082,31.275,,S,,
281,3,0,male,22,0,0,350060,7.5208,,S,,
282,1,1,female,24,3,2,19950,263,C23 C25 C27,S,10,
283,2,0,male,36,0,0,229236,13,,S,,236
284,3,1,female,,0,0,335432,7.7333,,Q,13,
285,2,0,male,39,0,0,248723,13,,S,,
286,1,0,male,,0,0,112052,0,,S,,
287,3,0,male,40,1,4,347088,27.9,,S,,
288,1,1,female,76,1,0,19877,78.85,C46,S,6,
289,3,0,male,,0,0,2664,7.225,,C,,
290,2,0,male,34,0,0,12233,13,,S,,
291,1,0,male,57,1,0,PC 17569,146.5208,B78,C,,
292,3,0,male,35,0,0,373450,8.05,,S,,
293,3,0,male,,0,0,2671,7.2292,,C,,
294,1,1,female,33,1,0,19928,90,C78,Q,14,
295,3,0,male,18,0,0,315091,8.6625,,S,,
296,3,0,male,24,0,0,315092,8.6625,,S,,
297,3,0,male,20,0,0,350416,7.8542,,S,,
298,1,0,male,,0,0,PC 17600,30.6958,,C,14,
299,3,1,male,,1,1,2661,15.2458,,C,C,
300,3,1,male,44,0,0,STON/O 2. 3101269,7.925,,S,15,
301,3,0,male,,0,0,376563,8.05,,S,,
302,3,0,female,,0,0,382649,7.75,,Q,,
303,3,0,male,17,0,0,349232,7.8958,,S,,
304,1,0,male,39,1,0,PC 17599,71.2833,C85,C,,
305,3,0,male,28,0,0,392095,7.25,,S,,
306,3,1,female,27,0,2,347742,11.1333,,S,15,
307,1,1,female,39,1,1,PC 17756,83.1583,E49,C,14,
308,3,0,male,70.5,0,0,370369,7.75,,Q,,171
309,1,0,male,30,0,0,113801,45.5,,S,,
310,3,0,male,36,1,1,345773,24.15,,S,,
311,1,1,male,38,1,0,19943,90,C93,S,D,
312,2,0,male,21,0,0,29107,11.5,,S,,
313,2,0,male,36,0,0,SC/Paris 2163,12.875,D,C,,
314,3,0,male,21,0,0,A./5. 2152,8.05,,S,,
315,2,0,male,47,0,0,C.A. 30769,10.5,,S,,
316,3,0,male,38,0,0,349249,7.8958,,S,,
317,2,1,male,30,0,0,C.A. 34644,12.7375,,C,14,
318,1,0,male,47,0,0,113796,42.4,,S,,
319,2,0,female,30,0,0,237249,13,,S,,
320,3,0,male,21,0,0,2692,7.225,,C,,
321,2,0,male,44,1,0,26707,26,,S,,
322,3,0,male,,1,0,2660,14.4542,,C,,
323,3,1,female,,0,0,14313,7.75,,Q,D,
324,3,0,male,51,0,0,347064,7.75,,S,,
325,1,0,male,71,0,0,PC 17754,34.6542,A5,C,,
326,1,1,female,38,1,0,PC 17599,71.2833,C85,C,4,
327,2,0,male,44,0,0,248746,13,,S,,35
328,3,0,male,20,0,0,347466,7.8542,,S,,
329,1,1,female,23,1,0,21228,82.2667,B45,S,7,
330,3,0,male,29,1,0,3460,7.0458,,S,,
331,3,1,female,16,1,1,2625,8.5167,,C,14,
332,3,1,female,,1,1,2668,22.3583,F E69,C,D,
333,2,1,female,48,1,2,220845,65,,S,9,
334,3,1,male,27,0,0,315098,8.6625,,S,15,
335,3,1,male,39,0,0,STON/O 2. 3101289,7.925,,S,9,
336,2,0,male,57,0,0,244346,13,,S,,
337,2,1,female,18,0,2,250652,13,,S,16,
338,3,0,male,,0,0,370377,7.75,,Q,,
339,3,1,male,,0,0,2677,7.2292,,C,15,
340,2,0,male,42,0,0,211535,13,,S,,
341,1,0,male,39,0,0,112050,0,A36,S,,
342,3,1,male,6,0,1,392096,12.475,E121,S,14,
343,3,0,male,,0,0,S.O./P.P. 251,7.55,,S,,
344,1,1,female,24,0,0,PC 17482,49.5042,C90,C,6,
345,3,0,male,19,0,0,323951,8.05,,S,,
346,3,0,male,19,0,0,349231,7.8958,,S,,
347,3,0,male,,0,0,SOTON/O.Q. 3101305,7.05,,S,,
348,1,1,female,23,1,0,35273,113.275,D36,C,6,
349,3,0,male,45.5,0,0,2628,7.225,,C,,312
350,2,0,male,30,0,0,250646,13,,S,,305
351,1,1,female,49,1,0,PC 17572,76.7292,D33,C,3,
352,1,0,male,58,0,0,11771,29.7,B37,C,,258
353,3,0,male,19,0,0,358585,14.5,,S,,
354,2,1,female,20,2,1,29105,23,,S,4,
355,1,1,male,35,0,0,PC 17755,512.3292,B101,C,3,
356,3,0,male,20,0,0,SOTON/O.Q. 3101307,7.05,,S,,
357,2,0,male,40,0,0,239059,16,,S,,
358,1,1,female,33,0,0,110152,86.5,B77,S,8,
359,2,1,female,30,0,0,234818,12.35,,Q,13,
360,3,0,male,41,0,0,SOTON/O2 3101272,7.125,,S,,
361,3,1,female,19,1,0,350046,7.8542,,S,16,
362,1,1,male,,0,0,PC 17607,39.6,,S,A,
363,3,0,male,28,0,0,345783,9.5,,S,,
364,2,0,male,24,2,0,C.A. 31029,31.5,,S,,
365,2,0,male,29,0,0,W./C. 14263,10.5,,S,,
366,3,0,female,18,1,0,349237,17.8,,S,,
367,3,1,female,,2,0,367226,23.25,,Q,16,
368,3,0,male,4,3,2,347088,27.9,,S,,
369,3,0,female,39,0,5,382652,29.125,,Q,,327
370,1,1,female,29,0,0,24160,211.3375,B5,S,2,
371,3,0,male,,0,0,3411,8.7125,,C,,
372,3,0,male,16,0,0,A/4. 20589,8.05,,S,,
373,1,1,male,49,0,0,112058,0,B52 B54 B56,S,C,
374,2,0,male,38,1,0,28664,21,,S,,
375,3,0,male,,0,0,349255,7.8958,,C,,
376,3,0,male,55.5,0,0,A.5. 11206,8.05,,S,,201
377,1,1,female,26,1,0,13508,136.7792,C89,C,4,
378,2,0,male,18,0,0,S.O.C. 14879,73.5,,S,,
379,3,0,male,38,0,0,SOTON/O.Q. 3101306,7.05,,S,,
380,2,1,female,30,3,0,31027,21,,S,,
381,1,0,male,42,0,0,110489,26.55,D22,S,,
382,3,0,male,,1,9,CA. 2343,69.55,,S,,
383,3,0,female,9,1,1,2678,15.2458,,C,,
384,1,0,male,37,0,1,PC 17596,29.7,C118,C,,
385,3,0,male,,0,0,2676,7.225,,C,,
386,1,1,male,36,0,1,PC 17755,512.3292,B51 B53 B55,C,3,
387,3,0,male,,0,0,349227,7.8958,,S,,
388,3,0,female,14.5,1,0,2665,14.4542,,C,,328
389,1,1,female,48,0,0,17466,25.9292,D17,S,8,
390,3,0,male,24,0,0,350035,7.7958,,S,,
391,3,0,male,16,1,3,W./C. 6608,34.375,,S,,
392,1,1,male,60,1,1,13567,79.2,B41,C,5,
393,1,1,female,28,3,2,19950,263,C23 C25 C27,S,10,
394,3,0,male,,1,2,W./C. 6607,23.45,,S,,
395,3,1,male,,0,0,1601,56.4958,,S,13,
396,2,0,male,29,1,0,2003,26,,S,,
397,1,1,male,36,0,0,PC 17473,26.2875,E25,S,7,
398,3,0,male,15,1,1,2695,7.2292,,C,,
399,2,0,male,70,0,0,C.A. 24580,10.5,,S,,
400,3,0,male,7,4,1,382652,29.125,,Q,,
401,3,0,male,21,0,0,350410,7.8542,,S,,
402,3,0,male,16,0,0,7534,9.2167,,S,,
403,1,0,male,28,1,0,PC 17604,82.1708,,C,,
404,2,1,male,42,0,0,237798,13,,S,10,
405,3,0,male,24,0,0,349233,7.8958,,S,,
406,3,0,male,11,0,0,2699,18.7875,,C,,
407,3,1,female,,0,0,370375,7.75,,Q,16,
408,3,0,male,25,0,0,SOTON/OQ 392076,7.05,,S,,
409,3,0,male,17,0,0,315086,8.6625,,S,,
410,3,0,male,,0,0,349253,7.8958,,C,,
411,3,0,male,,0,0,A/S 2816,8.05,,S,,
412,3,0,male,,0,0,371110,24.15,,Q,,
413,3,0,female,18,0,0,347087,7.775,,S,,
414,1,1,female,36,0,0,PC 17608,262.375,B61,C,4,
415,1,1,female,35,1,0,113803,53.1,C123,S,D,
416,1,1,female,30,0,0,113798,31,,C,4,
417,3,0,female,,0,0,65305,8.1125,,S,,
418,2,1,male,1,2,1,230136,39,F4,S,11,
419,3,0,male,33,0,0,349239,8.6625,,C,,
420,3,0,male,48,0,0,350047,7.8542,,S,,
421,3,1,female,30,0,0,382650,6.95,,Q,15,
422,3,1,male,32,0,0,STON/O 2. 3101286,7.925,,S,15,
423,3,0,male,29,0,0,7545,9.4833,,S,,
424,2,0,male,36.5,0,2,230080,26,F2,S,,15
425,1,1,female,18,1,0,13695,60,C31,S,6,
426,3,0,male,38,0,0,315089,8.6625,,S,,
427,2,0,male,31,1,1,C.A. 31921,26.25,,S,,
428,1,0,male,18,1,0,PC 17758,108.9,C65,C,,
429,2,0,male,29,1,0,11668,21,,S,,
430,3,0,male,50,0,0,A/5 3594,8.05,,S,,
431,3,1,male,25,0,0,350033,7.7958,,S,13 15,
432,3,0,male,65,0,0,336439,7.75,,Q,,
433,3,0,male,23.5,0,0,2693,7.2292,,C,,188
434,1,0,male,47,0,0,111320,38.5,E63,S,,275
435,1,0,male,36,1,0,19877,78.85,C46,S,,172
436,3,0,male,24.5,0,0,342826,8.05,,S,,284
437,1,0,male,65,0,0,13509,26.55,E38,S,,249
438,1,1,male,27,1,0,113806,53.1,E8,S,5,
439,3,1,male,29,3,1,315153,22.025,,S,2,
440,3,0,female,30,0,0,330972,7.6292,,Q,,
441,3,0,female,25,1,0,STON/O2. 3101271,7.925,,S,,
442,2,0,female,29,1,0,SC/AH 29037,26,,S,,
443,3,0,male,20,0,0,7534,9.8458,,S,,
444,2,1,female,48,0,2,C.A. 33112,36.75,,S,14,
445,1,1,female,,0,0,PC 17598,31.6833,,S,7,
446,3,0,male,40,1,6,CA 2144,46.9,,S,,
447,3,0,male,,0,0,A/5 1478,8.05,,S,,
448,3,1,male,14,0,0,7538,9.225,,S,13,
449,2,1,female,12,0,0,C.A. 33595,15.75,,S,9,
450,3,0,male,20,0,0,6563,9.225,,S,,89
451,2,1,female,40,0,0,C.A. 33595,15.75,,S,9,
452,3,1,female,,0,0,2649,7.225,,C,C,
453,3,0,male,,0,0,SOTON/OQ 392086,8.05,,S,,
454,1,1,female,29,0,0,PC 17483,221.7792,C97,S,8,
455,3,1,female,22,0,0,347085,7.775,,S,C,
456,3,0,female,17,0,0,AQ/3. 30631,7.7333,,Q,,
457,2,1,female,33,0,2,26360,26,,S,11,
458,1,0,male,,0,0,112051,0,,S,,
459,1,1,female,,1,0,17453,89.1042,C92,C,5,
460,3,0,male,,0,0,312993,7.775,,S,,
461,3,0,male,24,0,0,7266,9.325,,S,,
462,3,0,male,,8,2,CA. 2343,69.55,,S,,
463,1,0,male,40,0,0,PC 17601,27.7208,,C,,
464,3,1,female,17,0,1,371362,16.1,,S,12,
465,3,0,male,,0,0,A./5. 3235,8.05,,S,,
466,3,0,female,2,0,1,347054,10.4625,G6,S,,
467,3,0,male,26,0,0,349248,7.8958,,S,,
468,3,0,male,30,0,0,2685,7.2292,,C,,
469,3,0,male,32.5,0,0,345775,9.5,,S,,298
470,1,0,male,22,0,0,PC 17760,135.6333,,C,,232
471,1,0,male,47,0,0,5727,25.5875,E58,S,,
472,1,1,male,32,0,0,13214,30.5,B50,C,3,
473,3,1,female,,0,2,2668,22.3583,,C,D,
474,3,1,male,32,0,0,1601,56.4958,,S,C,
475,3,0,female,38,4,2,347091,7.775,,S,,
476,1,0,male,38,0,0,19972,0,,S,,
477,3,0,male,40,1,5,347077,31.3875,,S,,142
478,3,1,male,32,0,0,1601,56.4958,,S,C,
479,2,0,male,48,0,0,234360,13,,S,,271
480,1,0,male,28,0,0,113059,47.1,,S,,
481,3,0,male,19,0,0,S.P. 3464,8.1583,,S,,
482,2,0,male,49,1,2,220845,65,,S,,
483,3,0,male,,0,0,370374,7.75,,Q,,
484,1,1,female,38,0,0,PC 17757,227.525,C45,C,4,
485,2,0,male,32,0,0,244360,13,,S,,
486,1,1,female,59,2,0,11769,51.4792,C101,S,D,
487,2,0,male,,0,0,SC/PARIS 2159,12.875,,S,,
488,2,0,male,,0,0,239855,0,,S,,
489,1,1,male,,0,0,16988,30,D45,S,3,
490,3,0,male,24,0,0,350409,7.8542,,S,,
491,3,1,female,,0,0,330931,7.8792,,Q,13,
492,3,0,male,21,0,0,A/5. 13032,7.7333,,Q,,
493,3,0,male,,0,0,S.C./A.4. 23567,8.05,,S,,
494,2,1,female,29,1,0,228414,26,,S,10,
495,1,0,male,37,1,0,113803,53.1,C123,S,,
496,3,0,male,32,0,0,8471,8.3625,,S,,
497,3,0,female,2,4,2,347082,31.275,,S,,
498,3,0,female,40,1,0,7546,9.475,,S,,
499,1,1,female,19,1,0,11967,91.0792,B49,C,7,
500,3,0,female,,0,0,W./C. 6609,7.55,,S,,
501,3,0,male,,0,0,365235,7.75,,Q,,
502,3,0,female,14,0,0,350406,7.8542,,S,,
503,3,0,male,51,0,0,347743,7.0542,,S,,
504,1,1,female,44,0,0,PC 17610,27.7208,B4,C,6,
505,3,0,female,16,5,2,CA 2144,46.9,,S,,
506,3,0,female,,0,4,4133,25.4667,,S,,
507,1,1,female,43,1,0,11778,55.4417,C116,C,5,
508,1,1,female,,1,0,PC 17604,82.1708,,C,6,
509,3,0,female,,3,1,4133,25.4667,,S,,
510,3,0,male,34,0,0,3101264,6.4958,,S,,143
511,1,1,female,22,0,1,113505,55,E33,S,6,
512,2,1,female,40,1,1,29750,39,,S,14,
513,1,1,female,47,1,1,11751,52.5542,D35,S,5,
514,1,0,male,32.5,0,0,113503,211.5,C132,C,,45
515,3,1,female,,0,0,370370,7.75,,Q,15,
516,1,1,female,22,0,0,113781,151.55,,S,11,
517,3,1,male,32,0,0,347079,7.775,,S,A,
518,3,0,female,,0,2,2678,15.2458,,C,,
519,1,1,female,23,3,2,19950,263,C23 C25 C27,S,10,
520,2,1,female,24,0,0,248733,13,F33,S,11,
521,3,1,female,,0,0,330968,7.7792,,Q,,
522,3,0,male,,1,0,65304,19.9667,,S,,
523,3,1,male,24,0,0,C 17369,7.1417,,S,13,
524,2,0,male,30,1,0,P/PP 3381,24,,C,,
525,2,1,female,34,0,0,C.A. 34260,10.5,F33,S,14,
526,3,0,male,33,0,0,349257,7.8958,,S,,
527,3,0,male,20,0,0,2679,7.225,,C,,
528,3,0,male,32,0,0,370376,7.75,,Q,,
529,1,1,male,48,1,0,19996,52,C126,S,5 7,
530,1,1,female,18,2,2,PC 17608,262.375,B57 B59 B63 B66,C,4,
531,1,1,female,31,0,2,36928,164.8667,C7,S,8,
532,3,1,female,36,1,0,345572,17.4,,S,13,
533,3,0,male,32,0,0,STON/O 2. 3101293,7.925,,S,,
534,1,0,male,45,0,0,113050,26.55,B38,S,,
535,1,1,female,55,0,0,112377,27.7208,,C,6,
536,2,0,male,21,1,0,28133,11.5,,S,,
537,1,1,female,52,1,0,36947,78.2667,D20,C,4,
538,3,1,female,31,1,1,363291,20.525,,S,C D,
539,1,1,female,36,0,2,WE/P 5735,71,B22,S,7,
540,3,0,male,,0,0,36209,7.725,,Q,,
541,1,1,female,18,1,0,113773,53.1,D30,S,10,
542,1,0,male,,0,0,PC 17605,27.7208,,C,,
543,1,1,male,50,2,0,PC 17611,133.65,,S,5,
544,3,0,male,,0,0,2681,6.4375,,C,,
545,3,0,male,32,0,0,STON/OQ. 369943,8.05,,S,,
546,3,1,female,,1,0,371110,24.15,,Q,16,
547,1,1,female,18,1,0,PC 17757,227.525,C62 C64,C,4,
548,3,0,female,35,0,0,9232,7.75,,Q,,
549,1,1,male,42,0,0,PC 17476,26.2875,E24,S,5,
550,3,1,male,3,1,1,C.A. 37671,15.9,,S,2,
551,3,0,male,26,1,0,350025,7.8542,,S,,
552,3,0,male,,0,0,1222,7.8792,,S,,153
553,3,0,male,,1,0,367227,7.75,,Q,,
554,2,1,female,27,0,0,34218,10.5,E101,S,16,
555,1,0,male,47,0,0,36967,34.0208,D46,S,,
556,3,1,female,18,0,0,3101265,7.4958,,S,16,
557,3,0,female,9,3,2,347088,27.9,,S,,
558,3,0,male,,0,0,372622,7.75,,Q,,
559,2,1,female,18,0,1,231919,23,,S,,
560,1,0,male,,0,0,17463,51.8625,E46,S,,
561,3,1,male,0.8333,0,1,392091,9.35,,S,11,
562,3,0,male,42,0,0,C.A. 5547,7.55,,S,,
563,3,0,male,30,0,0,349246,7.8958,,S,,
564,3,1,female,16,0,0,367231,7.75,,Q,16,
565,1,0,male,,0,0,PC 17757,227.525,,C,,
566,3,0,male,,1,0,370371,15.5,,Q,,
567,3,1,female,23,0,0,SOTON/OQ 392083,8.05,,S,,
568,3,0,male,29,0,0,343276,8.05,,S,,
569,3,0,male,17,0,0,STON/O 2. 3101274,7.125,,S,,
570,2,1,female,24,1,2,220845,65,,S,9,
571,1,0,male,56,0,0,17764,30.6958,A7,C,,
572,2,1,female,0.9167,1,2,C.A. 34651,27.75,,S,10,
573,3,1,female,45,0,0,2696,7.225,,C,C,
574,3,1,male,,1,1,2668,22.3583,,C,C,
575,1,1,female,45,0,1,112378,59.4,,C,7,
576,3,1,female,,0,0,335677,7.75,,Q,13,
577,3,1,female,29,0,2,2650,15.2458,,C,C,
578,1,1,female,54,1,1,33638,81.8583,A34,S,5,
579,3,0,male,21,0,0,A/4 45380,8.05,,S,,
580,3,1,female,38,1,5,347077,31.3875,,S,15,
581,3,0,female,23,0,0,315085,8.6625,,S,,
582,3,1,female,63,0,0,4134,9.5875,,S,15,
583,3,1,male,26,0,0,1601,56.4958,,S,14,
584,1,0,male,58,0,2,35273,113.275,D48,C,,122
585,2,1,female,4,1,1,29103,23,,S,14,
586,2,1,female,29,0,2,29103,23,,S,14,
587,3,0,male,,0,0,2686,7.2292,,C,,
588,3,0,male,21,0,0,STON/O 2. 3101294,7.925,,S,,
589,2,0,male,26,0,0,31028,10.5,,S,,
590,2,1,female,41,0,1,250644,19.5,,S,14,
591,3,0,male,24,0,0,343275,8.05,,S,,
592,2,1,female,29,1,0,2926,26,,S,16,
593,3,0,male,2,4,1,382652,29.125,,Q,,
594,3,0,male,,0,0,2700,7.2292,,C,,
595,1,0,male,,0,0,112379,39.6,,C,,
596,2,0,male,24,0,0,C.A. 29566,10.5,,S,,108
597,3,0,male,36,0,0,345771,9.5,,S,,
598,3,0,male,28,0,0,363611,8.05,,S,,
599,1,0,male,,0,0,113791,26.55,,S,,
600,2,0,male,41,0,0,237393,13,,S,,
601,1,1,female,42,0,0,PC 17757,227.525,,C,4,
602,3,0,male,,0,0,349221,7.8958,,S,,
603,3,0,male,1,5,2,CA 2144,46.9,,S,,
604,2,0,female,18,1,1,250650,13,,S,,
605,3,0,male,2,4,1,3101295,39.6875,,S,,
606,2,1,female,17,0,0,SO/C 14885,10.5,,S,,
607,3,0,male,,0,0,349215,7.8958,,S,,
608,1,1,female,,0,0,PC 17585,79.2,,C,D,
609,3,0,male,25,0,0,349250,7.8958,,S,,
610,2,0,male,16,0,0,239865,26,,S,,
611,3,0,male,29,0,0,315082,7.875,,S,,
612,3,0,female,45,1,4,347088,27.9,,S,,
613,2,1,female,4,2,1,230136,39,F4,S,11,
614,3,0,male,31,0,0,335097,7.75,,Q,,
615,3,0,male,28,0,0,345770,9.5,,S,,
616,1,1,female,,1,0,PC 17569,146.5208,B78,C,6,
617,3,1,female,16,0,0,35851,7.7333,,Q,16,
618,1,0,male,24,0,1,PC 17558,247.5208,B58 B60,C,,
619,3,0,male,28,0,0,1601,56.4958,,S,,
620,3,0,male,24,0,0,371109,7.25,,Q,,
621,1,0,male,46,0,0,PC 17593,79.2,B82 B84,C,,
622,3,0,male,40.5,0,0,367232,7.75,,Q,,68
623,2,0,male,,0,0,239853,0,,S,,
624,3,1,female,17,4,2,3101281,7.925,,S,D,
625,3,0,male,,0,0,364498,14.5,,S,,
626,3,1,female,,0,2,2661,15.2458,,C,C,
627,2,0,male,52,0,0,250647,13,,S,,19
628,3,1,male,21,0,0,330920,7.8208,,Q,13,
629,3,0,male,27,0,0,349219,7.8958,,S,,
630,2,0,male,25,0,0,234686,13,,S,,97
631,1,1,male,25,1,0,11967,91.0792,B49,C,7,
632,1,1,male,,0,0,11774,29.7,C47,C,7,
633,1,1,female,55,0,0,PC 17760,135.6333,C32,C,8,
634,1,1,male,21,0,1,PC 17597,61.3792,,C,A,
635,2,1,male,24,0,0,28034,10.5,,S,9,
636,2,0,male,27,1,0,228414,26,,S,,293
637,2,0,male,30,0,0,250653,13,,S,,75
638,2,1,female,22,1,2,SC/Paris 2123,41.5792,,C,14,
639,1,1,female,51,1,0,13502,77.9583,D11,S,10,
640,3,1,male,29,0,0,349240,7.8958,,C,15,
641,2,0,male,39,0,0,28213,13,,S,,
642,2,0,male,34,1,0,28664,21,,S,,
643,2,1,male,0.6667,1,1,250649,14.5,,S,4,
644,3,0,male,,0,0,2652,7.2292,,C,,
645,3,1,male,25,0,0,348122,7.65,F G63,S,A,
646,3,0,female,17,0,0,2627,14.4583,,C,,
647,1,0,male,49,1,1,17421,110.8833,C68,C,,
648,3,1,female,22,0,0,347081,7.75,,S,13,
649,3,0,male,27,0,0,350408,7.8542,,S,,
650,2,0,male,18,0,0,231945,11.5,,S,,
651,3,0,female,20,0,0,347471,7.8542,,S,,
652,1,1,female,51,0,1,PC 17592,39.4,D28,S,9,
653,3,0,male,,0,0,371060,7.75,,Q,,
654,3,0,male,59,0,0,364500,7.25,,S,,
655,2,0,male,19,1,1,C.A. 33112,36.75,,S,,101
656,3,1,female,,0,0,36568,15.5,,Q,16,
657,3,0,male,,1,0,376564,16.1,,S,,
658,3,1,female,22,0,0,C 7077,7.25,,S,13,
659,3,0,male,20,0,0,315094,8.6625,,S,,
660,1,1,male,52,0,0,113786,30.5,C104,S,6,
661,3,0,male,30.5,0,0,364499,8.05,,S,,50
662,1,1,female,60,0,0,11813,76.2917,D15,C,8,
663,3,0,male,,0,0,1601,56.4958,,S,,
664,3,0,male,,0,0,349223,7.8958,,S,,
665,3,0,male,22,0,0,14973,8.05,,S,,47
666,1,0,male,50,1,0,13507,55.9,E44,S,,
667,1,1,female,43,0,1,24160,211.3375,B3,S,2,
668,1,1,male,28,0,0,110564,26.55,C52,S,D,
669,1,1,female,50,0,1,PC 17558,247.5208,B58 B60,C,6,
670,2,1,female,30,0,0,250648,13,,S,10,
671,3,1,female,,2,0,367226,23.25,,Q,16,
672,3,0,male,33,0,0,347062,7.775,,S,,37
673,1,1,male,36,0,0,PC 17474,26.3875,E25,S,5,
674,3,0,male,,0,0,2624,7.225,,C,,
675,1,1,female,22,0,1,112378,59.4,,C,7,
676,1,0,male,51,0,1,PC 17597,61.3792,,C,,
677,3,0,female,3,3,1,349909,21.075,,S,,
678,1,1,male,11,1,2,113760,120,B96 B98,S,4,
679,1,0,male,38,0,1,PC 17582,153.4625,C91,S,,147
680,3,0,female,28,0,0,347086,7.775,,S,,
681,3,0,male,35,0,0,349213,7.8958,,C,,
682,1,0,male,19,3,2,19950,263,C23 C25 C27,S,,
683,1,1,female,16,0,1,PC 17592,39.4,D28,S,9,
684,3,0,male,17,0,0,315090,8.6625,,S,,
685,2,0,male,21,0,0,236854,13,,S,,
686,3,1,male,,0,0,SOTON/O.Q. 3101308,7.05,,S,15,
687,3,0,male,,0,0,349218,7.8958,,S,,
688,1,1,male,25,1,0,11765,55.4417,E50,C,5,
689,2,1,female,22,1,1,248738,29,,S,13,
690,3,0,male,20.5,0,0,A/5 21173,7.25,,S,,
691,3,0,female,18,0,0,330963,7.8792,,Q,,
692,2,1,female,19,1,0,2908,26,,S,13,
693,3,0,male,22,0,0,350045,7.7958,,S,,
694,1,0,male,46,1,0,W.E.P. 5734,61.175,E31,S,,
695,3,1,female,18,0,0,347066,7.775,,S,D,
696,3,1,female,35,1,1,C.A. 2673,20.25,,S,A,
697,3,0,male,,0,0,2631,7.225,,C,,
698,2,0,male,18,0,0,236171,13,,S,,
699,3,1,female,,0,0,330980,7.8792,,Q,16,
700,3,1,male,,0,0,65306,8.1125,,S,13,
701,3,0,male,2,3,1,349909,21.075,,S,,4
702,3,0,male,19,0,0,348124,7.65,F G73,S,,
703,1,1,male,45,0,0,PC 17594,29.7,A9,C,7,
704,2,1,male,8,1,1,C.A. 33112,36.75,,S,14,
705,1,1,female,33,1,0,113806,53.1,E8,S,5,
706,3,0,male,,0,0,349254,7.8958,,C,,
707,2,0,female,57,0,0,S.O./P.P. 3,10.5,E77,S,,52
708,1,1,female,47,1,0,W.E.P. 5734,61.175,E31,S,4,
709,3,0,male,29,0,0,347467,7.8542,,S,,
710,3,0,male,16,4,1,3101295,39.6875,,S,,
711,3,0,male,,0,0,349222,7.8958,,S,,
712,3,1,female,22,0,0,334914,7.725,,Q,13,
713,2,1,female,8,0,2,C.A. 31921,26.25,,S,14,
714,3,0,male,,8,2,CA. 2343,69.55,,S,,
715,3,0,male,20,0,0,SOTON/O2 3101287,7.925,,S,,
716,3,0,female,45,0,1,2691,14.4542,,C,,
717,2,0,male,,0,0,240261,10.7083,,Q,,
718,1,1,female,60,1,4,19950,263,C23 C25 C27,S,10,
719,2,1,female,40,0,0,31418,13,,S,9,
720,1,1,female,58,0,0,PC 17569,146.5208,B80,C,,
721,3,1,female,38,0,0,2688,7.2292,,C,C,
722,3,1,female,5,2,1,2666,19.2583,,C,C,
723,1,1,female,,0,1,113505,55,E33,S,6,
724,1,1,female,19,0,2,11752,26.2833,D47,S,5,
725,3,0,female,22,2,0,315152,8.6625,,S,,
726,3,1,male,,1,1,2661,15.2458,,C,C,
727,3,0,male,,0,0,2655,7.2292,F E46,C,,
728,3,0,male,26,1,0,2680,14.4542,,C,,
729,2,1,female,24,1,1,S.C./PARIS 2079,37.0042,,C,10,
730,3,0,male,,0,0,2674,7.225,,C,,
731,1,0,male,54,0,1,35281,77.2875,D26,S,,
732,1,1,male,53,1,1,33638,81.8583,A34,S,13,
733,1,0,male,31,1,0,F.C. 12750,52,B71,S,,
734,2,1,male,,0,0,244373,13,,S,14,
735,3,0,male,1,4,1,3101295,39.6875,,S,,
736,3,0,male,26,0,0,3474,7.8875,,S,,
737,3,0,male,,0,0,2641,7.2292,,C,,
738,3,0,female,23,0,0,STON/O2. 3101290,7.925,,S,,
739,3,0,male,11,5,2,CA 2144,46.9,,S,,
740,3,0,male,,0,0,330979,7.8292,,Q,,
741,3,0,male,42,0,1,4579,8.4042,,S,,
742,1,1,female,14,1,2,113760,120,B96 B98,S,4,
743,1,0,male,37,1,1,PC 17756,83.1583,E52,C,,
744,3,0,male,24,0,0,SOTON/O.Q. 3101311,7.05,,S,,
745,3,1,male,,0,0,1601,56.4958,,S,C,
746,3,0,male,22,0,0,A/5 21172,7.25,,S,,
747,2,1,female,34,0,0,243880,13,,S,12,
748,3,0,male,,8,2,CA. 2343,69.55,,S,,
749,1,0,male,46,0,0,694,26,,S,,80
750,2,1,female,28,1,0,2003,26,,S,14,
751,3,0,male,,0,0,366713,7.75,,Q,,
752,1,1,female,44,0,1,111361,57.9792,B18,C,4,
753,3,0,male,50,1,0,A/5. 3337,14.5,,S,,119
754,3,1,female,,0,0,35852,7.7333,,Q,16,
755,3,0,male,8,4,1,382652,29.125,,Q,,
756,3,0,male,10,3,2,347088,27.9,,S,,
757,3,0,female,,0,2,364848,7.75,,Q,,
758,3,0,male,28.5,0,0,2697,7.2292,,C,,181
759,1,0,male,56,0,0,113792,26.55,,S,,
760,2,0,male,28,0,0,C.A./SOTON 34068,10.5,,S,,
761,3,0,male,,0,0,C.A. 49867,7.55,,S,,
762,2,1,male,32,1,0,2908,26,,S,13,
763,3,0,male,41,0,0,SOTON/O.Q. 3101263,7.85,,S,,
764,2,0,female,27,1,0,11668,21,,S,,
765,3,0,male,,1,0,2621,6.4375,,C,,
766,1,1,male,,0,0,19988,30.5,C106,S,3,
767,1,1,female,56,0,1,11767,83.1583,C50,C,7,
768,2,0,male,,0,0,237735,15.0458,D,C,,
769,2,0,male,35,0,0,233734,12.35,,Q,,
770,2,1,female,31,1,1,C.A. 31921,26.25,,S,14,
771,1,1,female,31,1,0,35273,113.275,D36,C,6,
772,2,0,male,,0,0,239853,0,,S,,
773,1,1,male,49,1,0,PC 17485,56.9292,A20,C,1,
774,1,1,female,45,0,1,PC 17759,63.3583,D10 D12,C,7,
775,2,0,male,16,0,0,S.O./P.P. 3,10.5,,S,,
776,3,0,female,19,1,0,376566,16.1,,S,,53
777,3,0,male,26,0,0,347075,7.775,,S,,
778,2,0,male,24,0,0,248726,13.5,,S,,297
779,1,1,female,48,1,3,PC 17608,262.375,B57 B59 B63 B66,C,4,
780,3,0,male,35,0,0,349230,7.8958,,S,,
781,2,1,female,22,0,0,W./C. 14266,10.5,F33,S,14,
782,1,1,male,13,2,2,PC 17608,262.375,B57 B59 B63 B66,C,4,
783,3,1,female,,0,0,383123,7.75,,Q,15 16,
784,3,0,male,5,4,2,347077,31.3875,,S,,
785,3,1,male,,0,0,368402,7.75,,Q,B,
786,1,0,male,,0,0,113796,42.4,,S,,
787,3,1,male,25,0,0,2654,7.2292,F E57,C,10,
788,3,0,male,33,0,0,349241,7.8958,,C,,51
789,2,0,male,43,0,1,S.O./P.P. 2,21,,S,,
790,3,0,male,33,1,1,363291,20.525,,S,,
791,3,0,male,34,0,0,364506,8.05,,S,,
792,3,0,male,0.3333,0,2,347080,14.4,,S,,
793,3,0,female,31,1,0,345763,18,,S,,
794,2,0,male,34,1,0,226875,26,,S,,
795,3,1,male,12,1,0,2651,11.2417,,C,C,
796,3,1,female,4,1,1,PP 9549,16.7,G6,S,13,
797,3,0,male,19,0,0,347069,7.775,,S,,
798,1,1,female,39,1,1,17421,110.8833,C68,C,4,
799,3,0,male,21,0,0,364858,7.75,,Q,,
800,3,0,male,40.5,0,0,C.A. 6212,15.1,,S,,187
801,2,1,female,28,0,0,230434,13,,S,9,
802,3,0,female,11,4,2,347082,31.275,,S,,
803,1,1,male,,0,0,111427,26.55,,S,9,
804,3,0,male,22,0,0,345767,9,,S,,
805,3,1,male,36.5,1,0,345572,17.4,,S,15,
806,2,0,male,28,0,1,248727,33,,S,,
807,3,1,female,26,0,0,STON/O2. 3101282,7.925,,S,,
808,3,0,male,,1,0,2689,14.4583,,C,,
809,2,1,male,20,0,0,SC/PARIS 2166,13.8625,D38,C,7,
810,1,0,male,60,0,0,113800,26.55,,S,,
811,1,1,female,41,0,0,16966,134.5,E40,C,3,
812,3,0,male,44,0,0,363592,8.05,,S,,
813,3,1,male,20,1,1,2653,15.7417,,C,C,
814,1,0,male,50,0,0,113044,26,E60,S,,
815,3,0,male,22,0,0,2669,7.2292,,C,,
816,1,0,male,,0,0,113778,26.55,D34,S,,
817,1,1,female,64,1,1,112901,26.55,B26,S,7,
818,1,0,male,45,1,0,36973,83.475,C83,S,,
819,1,0,male,41,1,0,17464,51.8625,D21,S,,
820,2,0,male,25,1,0,236853,26,,S,,
821,3,1,male,25,0,0,LINE,0,,S,15,
822,3,0,male,41,2,0,350026,14.1083,,S,,
823,1,0,male,50,1,0,PC 17761,106.425,C86,C,,62
824,3,0,male,,3,1,4133,25.4667,,S,,
825,3,0,male,34.5,0,0,330911,7.8292,,Q,,70
826,1,1,male,24,1,0,21228,82.2667,B45,S,7,
827,2,1,female,20,1,0,236853,26,,S,12,
828,3,0,male,,0,0,394140,6.8583,,Q,,
829,3,0,male,21,0,0,315097,8.6625,,S,,
830,2,1,female,21,0,1,S.O./P.P. 2,21,,S,12,
831,2,1,female,13,0,1,250644,19.5,,S,14,
832,1,1,female,,1,0,19996,52,C126,S,5 7,
833,2,1,female,31,0,0,F.C.C. 13528,21,,S,14,
834,1,1,female,22,0,2,13568,49.5,B39,C,5,
835,3,0,male,18.5,0,0,2682,7.2292,,C,,58
836,1,0,male,27,0,2,113503,211.5,C82,C,,
837,3,1,male,,0,0,383162,7.75,,Q,14,
838,1,1,female,21,2,2,PC 17608,262.375,B57 B59 B63 B66,C,4,
839,3,0,male,,0,0,LP 1588,7.575,,S,,
840,2,0,male,28,0,0,218629,13.5,,S,,287
841,3,0,female,,0,0,330909,7.6292,,Q,,
842,3,0,male,35,0,0,SOTON/O.Q. 3101310,7.05,,S,,
843,3,1,female,22,1,0,347072,13.9,,S,16,
844,1,1,male,,0,0,19947,35.5,C52,S,D,
845,3,1,female,16,0,0,348125,7.65,,S,16,
846,1,0,male,17,0,0,113059,47.1,,S,,
847,3,1,female,,0,0,14311,7.75,,Q,D,
848,2,0,male,23,0,0,244278,10.5,,S,,
849,3,0,female,,1,2,W./C. 6607,23.45,,S,,
850,2,0,male,23,0,0,233639,13,,S,,
851,1,1,female,49,0,0,17465,25.9292,D17,S,8,
852,3,0,female,,0,0,365237,7.75,,Q,,
853,3,0,male,,0,0,36568,15.5,,Q,,
854,3,0,male,61,0,0,345364,6.2375,,S,,
855,3,0,male,,0,0,370372,7.75,,Q,,
856,3,0,male,47,0,0,A/5 3902,7.25,,S,,
857,3,0,male,44,0,0,364511,8.05,,S,,
858,3,0,male,26,0,0,330910,7.8792,,Q,,
859,3,0,female,47,1,0,A/5. 3337,14.5,,S,,7
860,1,1,female,16,0,0,110152,86.5,B79,S,8,
861,3,0,female,,0,0,364856,7.75,,Q,,
862,1,1,female,39,1,1,110413,79.65,E67,S,8,
863,3,0,male,25,0,0,374887,7.25,,S,B,
864,3,0,male,,0,0,368573,7.75,,Q,,
865,2,0,male,27,0,0,211536,13,,S,,
866,2,1,female,31,0,0,CA 31352,21,,S,10,
867,3,0,female,27,0,0,330844,7.8792,,Q,,
868,3,0,male,21,0,0,350029,7.8542,,S,,69
869,3,1,male,,0,0,312991,7.775,,S,B,
870,2,0,male,60,1,1,29750,39,,S,,
871,3,0,male,13,4,2,347077,31.3875,,S,,
872,2,0,male,25,0,0,F.C.C. 13540,10.5,,S,,81
873,3,1,female,23,0,0,CA. 2314,7.55,,S,C,
874,3,1,female,24,1,0,STON/O2. 3101279,15.85,,S,15,
875,3,0,female,2,1,1,370129,20.2125,,S,,
876,3,0,male,28,0,0,C 4001,22.525,,S,,
877,2,0,male,29,1,0,SC/PARIS 2167,27.7208,,C,,295
878,2,1,female,7,0,2,F.C.C. 13529,26.25,,S,14,
879,2,0,female,,0,0,F.C.C. 13534,21,,S,,
880,3,0,female,45,0,0,347073,7.75,,S,,
881,1,1,female,27,1,2,F.C. 12750,52,B71,S,3,
882,1,0,male,42,0,0,113038,42.5,B11,S,,
883,3,0,female,,8,2,CA. 2343,69.55,,S,,
884,3,1,female,1,1,1,PP 9549,16.7,G6,S,13,
885,1,1,female,27,1,1,PC 17558,247.5208,B58 B60,C,6,
886,1,0,male,64,1,0,110813,75.25,D37,C,,
887,3,0,female,28,1,1,347080,14.4,,S,,
888,3,0,male,26.5,0,0,2656,7.225,,C,,304
889,3,0,female,22,0,0,3101295,39.6875,,S,,
890,2,1,female,20,0,0,C.A. 33112,36.75,,S,11,
891,3,0,female,2,3,2,347088,27.9,,S,,
892,2,0,male,50,1,0,SC/AH 3085,26,,S,,121
893,3,0,male,39,0,0,3101296,7.925,,S,,
894,3,0,female,32,1,1,364849,15.5,,Q,,
895,3,0,male,,0,0,368323,6.95,,Q,,
896,2,0,male,35,0,0,28206,10.5,,S,,
897,2,0,male,19,0,0,28424,13,,S,,18
898,3,0,male,,0,0,C.A. 6212,15.1,,S,,
899,3,0,male,,0,0,A/4. 34244,7.25,,S,,
900,3,0,female,,0,0,SOTON/O.Q. 392087,8.05,,S,,
901,3,0,male,,1,0,367229,7.75,,Q,,
902,3,0,male,26,2,0,315151,8.6625,,S,,
903,1,0,male,55,1,1,12749,93.5,B69,S,,307
904,3,1,male,,0,0,367228,7.75,,Q,,
905,1,0,male,,0,0,113767,50,A32,S,,
906,3,0,male,26,1,2,C.A. 2315,20.575,,S,,
907,3,0,male,21,0,0,349211,7.8958,,S,,
908,3,0,female,22,0,0,7552,10.5167,,S,,
909,3,0,male,22,0,0,324669,8.05,,S,,
910,1,1,male,6,0,2,16966,134.5,E34,C,3,
911,1,0,male,30,0,0,110469,26,C106,S,,
912,1,1,male,,0,0,111163,26,,S,1,
913,3,0,male,,0,0,SOTON/OQ 3101316,8.05,,S,,
914,3,0,male,25,0,0,STON/O 2. 3101291,7.925,,S,,
915,1,0,male,46,0,0,PC 17585,79.2,,C,,16
916,2,0,female,26,1,1,250651,26,,S,,
917,3,1,female,,0,0,9234,7.75,,Q,16,
918,3,0,male,22,1,0,A/5 21171,7.25,,S,,
919,2,1,male,29,0,0,SC/PARIS 2147,13.8583,,C,9,
920,1,1,female,31,0,0,16966,134.5,E39 E41,C,3,
921,3,0,female,20,0,0,315096,8.6625,,S,,
922,3,0,male,18,1,1,370129,20.2125,,S,,
923,3,1,female,,1,0,367230,15.5,,Q,16,
924,3,1,male,27,0,0,350043,7.7958,,S,A,
925,3,0,male,25,0,0,349203,7.8958,,S,,
926,3,0,male,18,0,0,349912,7.775,,S,,
927,2,0,male,22,2,0,C.A. 31029,31.5,,S,,
928,1,1,female,17,1,0,PC 17758,108.9,C65,C,8,
929,2,0,female,22,0,0,F.C.C. 13534,21,,S,,
930,3,0,male,49,0,0,LINE,0,,S,,
931,2,0,male,59,0,0,237442,13.5,,S,,
932,1,1,female,53,0,0,PC 17606,27.4458,,C,6,
933,2,0,male,23,0,0,28425,13,,S,,
934,1,0,male,,0,0,113798,31,,S,,
935,2,0,male,19,0,0,28665,10.5,,S,,
936,3,0,female,26,0,2,SOTON/O.Q. 3101315,13.775,,S,,
937,3,0,male,,0,0,12460,7.75,,Q,,
938,1,1,female,35,1,0,13236,57.75,C28,C,11,
939,3,0,male,,0,0,32302,8.05,,S,,
940,3,0,male,17,1,1,2690,7.2292,,C,,
941,1,1,male,23,0,1,PC 17759,63.3583,D10 D12,C,7,
942,3,1,female,1,1,1,347742,11.1333,,S,15,
943,3,0,male,24,0,0,345781,9.5,,S,,
944,2,0,male,23,1,0,28666,10.5,,S,,
945,3,0,male,14,4,1,3101295,39.6875,,S,,
946,3,0,male,,2,0,2662,21.6792,,C,,
947,1,1,female,62,0,0,113572,80,B28,,6,
948,1,1,female,21,0,0,13502,77.9583,D9,S,10,
949,1,1,female,50,1,1,113503,211.5,C80,C,4,
950,3,0,female,,8,2,CA. 2343,69.55,,S,,
951,3,0,male,28,0,0,350042,7.7958,,S,,
952,3,0,female,39,1,5,347082,31.275,,S,,
953,2,1,female,24,1,0,244367,26,,S,12,
954,2,0,male,31,1,1,S.C./PARIS 2079,37.0042,,C,,
955,3,0,male,20,0,0,A/5. 2151,8.05,,S,,
956,1,0,female,2,1,2,113781,151.55,C22 C26,S,,
957,3,0,female,10,5,2,CA 2144,46.9,,S,,
958,1,0,male,,0,0,113510,35,C128,S,,
959,3,0,male,23,1,0,347072,13.9,,S,,
960,2,1,female,21,0,0,C.A. 31026,10.5,,S,12,
961,3,1,female,19,1,1,2653,15.7417,,C,C,
962,3,1,male,25,1,0,347083,7.775,,S,15,
963,2,1,female,45,1,1,F.C.C. 13529,26.25,,S,14,
964,2,1,female,24,2,3,29106,18.75,,S,4,
965,3,0,male,30,0,0,C 7076,7.25,,S,,72
966,3,0,female,9,4,2,347082,31.275,,S,,
967,1,1,female,38,0,0,113572,80,B28,,6,
968,1,1,female,39,0,0,24160,211.3375,,S,2,
969,1,1,female,54,1,0,PC 17603,59.4,,C,6,
970,2,0,male,28,0,0,SC 14888,10.5,,S,,
971,1,1,female,30,0,0,PC 17761,106.425,,C,2,
972,1,1,female,58,0,1,PC 17582,153.4625,C125,S,3,
973,1,1,female,35,0,0,PC 17755,512.3292,,C,3,
974,3,0,male,25,0,0,2672,7.225,,C,,
975,1,0,male,30,1,2,113781,151.55,C22 C26,S,,135
976,2,0,male,18,0,0,C.A. 15185,10.5,,S,,
977,2,1,male,2,1,1,230080,26,F2,S,D,
978,1,1,male,31,1,0,17474,57,B20,S,3,
979,3,0,male,,0,0,345498,7.775,,S,,
980,3,1,female,15,0,0,2667,7.225,,C,C,
981,3,0,female,,1,0,370371,15.5,,Q,,
982,1,0,male,47,0,0,110465,52,C110,S,,207
983,2,1,female,50,0,0,W./C. 14258,10.5,,S,13,
984,1,1,female,21,0,0,113795,26.55,,S,8 10,
985,3,0,male,21,0,0,54636,16.1,,S,,
986,2,1,female,27,1,0,SC/PARIS 2149,13.8583,,C,12,
987,3,0,male,45,0,0,347061,6.975,,S,,
988,2,0,male,,0,0,SC/A.3 2861,15.5792,,C,,
989,3,0,male,21,2,0,A/4 48871,24.15,,S,,
990,3,0,male,26,0,0,347068,7.775,,S,,
991,3,0,male,9,5,2,CA 2144,46.9,,S,,
992,3,0,male,,0,0,349214,7.8958,,S,,
993,3,1,female,,0,0,342712,8.05,,S,C,
994,2,0,male,34,0,0,250647,13,,S,,
995,3,0,male,9,4,2,347077,31.3875,,S,,
996,3,1,male,21,0,0,350053,7.7958,,S,13,
997,2,0,male,32,0,0,237216,13.5,,S,,209
998,1,0,male,,0,0,PC 17612,27.7208,,C,,
999,2,0,male,,0,0,239856,0,,S,,
1000,2,0,male,50,0,0,250643,13,,S,,149
1001,3,0,male,,0,0,2673,7.2292,,C,,
1002,3,0,male,6,1,1,2678,15.2458,,C,,
1003,3,0,male,,0,0,SOTON/O.Q. 3101314,7.25,,S,,
1004,1,0,male,71,0,0,PC 17609,49.5042,,C,,22
1005,3,0,male,22,0,0,349252,7.8958,,S,,
1006,1,0,male,33,0,0,113790,26.55,,S,,109
1007,2,1,female,42,0,0,236852,13,,S,,
1008,3,0,male,37,2,0,3101276,7.925,,S,,98
1009,1,0,male,28.5,0,0,PC 17562,27.7208,D43,C,,189
1010,2,0,male,25,0,0,244361,13,,S,,
1011,2,1,male,2,1,1,29103,23,,S,14,
1012,2,1,female,45,0,0,223596,13.5,,S,9,
1013,3,0,male,35,0,0,364512,8.05,,S,,
1014,3,0,male,28,1,0,STON/O2. 3101279,15.85,,S,,
1015,3,0,male,,0,0,349234,7.8958,,S,,
1016,3,0,male,,0,0,AQ/4 3130,7.75,,Q,,
1017,3,0,female,10,0,2,345773,24.15,,S,,
1018,1,0,male,62,0,0,113514,26.55,C87,S,,
1019,3,0,male,34.5,0,0,2683,6.4375,,C,,196
1020,2,1,male,0.8333,1,1,29106,18.75,,S,4,
1021,1,1,female,,1,0,17464,51.8625,D21,S,8,
1022,3,0,male,18,0,0,2223,8.3,,S,,259
1023,3,1,female,,0,0,330959,7.8792,,Q,,
1024,3,0,male,17,2,0,A/4 48873,8.05,,S,,
1025,3,0,male,,0,0,343271,7,,S,,
1026,2,1,male,31,0,0,244270,13,,S,9,
1027,3,1,male,9,0,1,C 17368,3.1708,,S,13,
1028,3,0,male,,0,0,334912,7.7333,,Q,,
1029,1,1,female,40,0,0,PC 17582,153.4625,C125,S,3,
1030,1,0,male,,0,0,PC 17483,221.7792,C95,S,,
1031,1,1,female,48,1,1,13567,79.2,B41,C,5,
1032,2,1,female,19,0,0,250655,26,,S,11,
1033,3,1,male,25,0,0,345768,9.5,,S,11,
1034,3,1,female,13,0,0,2687,7.2292,,C,C,
1035,3,1,female,,0,0,36866,7.7375,,Q,16,
1036,1,1,female,30,0,0,110152,86.5,B77,S,8,
1037,3,0,male,35,0,0,STON/O 2. 3101273,7.125,,S,,
1038,3,0,male,21,0,0,342684,8.05,,S,,
1039,2,0,male,23,0,0,29751,13,,S,,
1040,3,0,male,31,0,0,347063,7.775,,S,,
1041,3,0,female,21,0,0,364846,7.75,,Q,,
1042,3,0,female,,3,1,4133,25.4667,,S,,
1043,3,0,male,21,0,0,STON/O 2. 3101280,7.925,,S,,
1044,2,0,male,17,0,0,S.O.C. 14879,73.5,,S,,
1045,3,0,male,,0,0,349225,7.8958,,S,,
1046,3,1,male,9,1,1,C.A. 37671,15.9,,S,2,
1047,1,1,male,26,0,0,111369,30,C148,C,5,
1048,3,0,male,28.5,0,0,54636,16.1,,S,,14
1049,3,0,male,74,0,0,347060,7.775,,S,,
1050,2,1,male,19,0,0,SW/PP 751,10.5,,S,B,
1051,3,0,male,,0,0,2627,14.4583,,C,,
1052,3,0,female,37,0,0,368364,7.75,,Q,,
1053,3,1,female,15,1,0,2659,14.4542,,C,,
1054,1,0,male,55,1,0,PC 17603,59.4,,C,,
1055,3,0,male,33,0,0,7540,8.6542,,S,,285
1056,3,0,male,21,0,0,SOTON/OQ 3101317,7.25,,S,,
1057,1,1,female,35,0,0,PC 17760,135.6333,C99,S,8,
1058,3,0,male,,0,0,364851,7.75,,Q,,
1059,3,0,male,26,0,0,349224,7.8958,,S,,
1060,3,0,male,17,0,0,315095,8.6625,,S,,
1061,2,1,male,0.8333,0,2,248738,29,,S,13,
1062,2,1,female,45,0,2,237789,30,,S,12,
1063,1,1,female,58,0,0,113783,26.55,C103,S,8,
1064,3,1,male,9,0,2,363291,20.525,,S,C D,
1065,3,1,female,,1,0,386525,16.1,,S,16,
1066,2,0,male,54,0,0,28403,26,,S,,
1067,3,0,male,23,0,0,349204,7.8958,,S,,
1068,1,1,male,27,0,0,113804,30.5,,S,3,
1069,2,0,male,24,2,0,S.O.C. 14879,73.5,,S,,
1070,1,1,female,17,1,0,17474,57,B20,S,3,
1071,2,1,female,34,0,1,231919,23,,S,,
1072,1,1,female,53,2,0,11769,51.4792,C101,S,D,
1073,3,1,male,3,4,2,347077,31.3875,,S,15,
1074,1,1,male,27,0,0,PC 17572,76.7292,D49,C,3,
1075,3,1,female,,1,0,370365,15.5,,Q,,
1076,2,1,female,6,0,1,248727,33,,S,11,
1077,1,0,male,36,0,0,13050,75.2417,C6,C,A,
1078,3,1,female,31,0,0,349244,8.6833,,S,,
1079,3,1,female,22,0,0,370373,7.75,,Q,13,
1080,1,0,male,29,1,0,113776,66.6,C2,S,,
1081,1,0,male,67,1,0,PC 17483,221.7792,C55 C57,S,,96
1082,3,0,male,18,1,0,3101267,6.4958,,S,,314
1083,3,1,male,1,1,2,C.A. 2315,20.575,,S,10,
1084,1,0,male,57,1,1,36928,164.8667,,S,,
1085,3,0,male,40,0,0,2623,7.225,,C,,
1086,3,0,male,,2,0,2662,21.6792,,C,,
1087,3,0,male,,8,2,CA. 2343,69.55,,S,,
1088,1,0,male,24,1,0,13695,60,C31,S,,
1089,3,0,male,27,0,0,349229,7.8958,,S,,
1090,3,0,female,29,1,1,347054,10.4625,G6,S,,
1091,1,1,male,28,0,0,113788,35.5,A6,S,7,
1092,2,0,male,23,2,1,29104,11.5,,S,,
1093,2,0,male,32.5,1,0,237736,30.0708,,C,,43
1094,3,0,male,22.5,0,0,2698,7.225,,C,,9
1095,1,1,male,36,1,2,113760,120,B96 B98,S,C,
1096,1,0,male,54,0,0,17463,51.8625,E46,S,,175
1097,2,1,female,35,0,0,F.C.C. 13528,21,,S,14,
1098,3,1,male,16,0,0,SOTON/OQ 392089,8.05,,S,B,
1099,3,0,male,,0,0,367655,7.7292,,Q,,
1100,3,0,male,23,0,0,7267,9.225,,S,,
1101,3,0,male,14.5,8,2,CA. 2343,69.55,,S,,67
1102,3,0,female,37,0,0,4135,9.5875,,S,,
1103,1,1,female,18,0,2,110413,79.65,E68,S,8,
1104,2,0,male,27,0,0,SC/PARIS 2168,15.0333,,C,,
1105,2,1,female,54,1,3,29105,23,,S,4,
1106,3,1,male,7,1,1,2650,15.2458,,C,C,
1107,3,0,male,17,0,0,315093,8.6625,,S,,
1108,2,0,male,46,0,0,28403,26,,S,,
1109,3,1,male,0.4167,0,1,2625,8.5167,,C,16,
1110,2,0,male,57,0,0,219533,12.35,,Q,,
1111,2,1,female,24,0,2,250649,14.5,,S,4,
1112,2,0,male,23,0,0,SC/PARIS 2133,15.0458,,C,,
1113,2,1,male,22,0,0,W./C. 14260,10.5,,S,13,
1114,3,0,male,20,0,0,2648,4.0125,,C,,
1115,3,0,male,34,0,0,363294,8.05,,S,,176
1116,3,1,female,18,0,1,392091,9.35,,S,13,
1117,1,1,female,45,1,0,11753,52.5542,D19,S,5,
1118,3,0,male,7,4,1,3101295,39.6875,,S,,
1119,2,0,male,66,0,0,C.A. 24579,10.5,,S,,
1120,3,0,male,18,2,2,W./C. 6608,34.375,,S,,
1121,3,1,female,26,1,1,315153,22.025,,S,2,
1122,1,1,female,55,2,0,11770,25.7,C101,S,2,
1123,2,1,female,55,0,0,248706,16,,S,13,
1124,2,1,female,12,2,1,230136,39,F4,S,13,
1125,3,0,male,32,0,0,C 4001,22.525,,S,,260
1126,3,1,female,26,0,0,347470,7.8542,,S,13,
1127,1,0,male,52,1,1,110413,79.65,E67,S,,
1128,3,0,female,24,0,0,349236,8.85,,S,,
1129,3,1,female,19,0,0,330958,7.8792,,Q,C,
1130,3,0,male,43,0,0,A/5 3536,8.05,,S,,
1131,3,0,female,,0,0,370368,7.75,,Q,,
1132,1,0,male,24,0,0,PC 17593,79.2,B86,C,,
1133,2,1,female,5,1,2,C.A. 34651,27.75,,S,10,
1134,1,1,male,0.9167,1,2,113781,151.55,C22 C26,S,11,
1135,3,0,male,22,0,0,347065,7.775,,S,,
1136,3,0,male,,0,0,384461,7.75,,Q,,
1137,1,0,male,41,0,0,113054,30.5,A21,S,,
1138,2,1,male,3,1,1,29106,18.75,,S,4,
1139,3,1,male,26,0,0,347070,7.775,,S,15,
1140,2,0,male,25,0,0,C.A. 34050,10.5,,S,,
1141,2,1,female,17,0,0,SC 1748,12,,C,12,
1142,3,0,male,,0,0,374746,8.05,,S,,
1143,2,1,female,32,0,0,234604,13,,S,9,
1144,3,0,male,,2,0,2662,21.6792,,C,,
1145,3,1,male,20,0,0,2663,7.2292,,C,15,
1146,3,0,male,42,0,0,315088,8.6625,,S,,
1147,3,0,male,32,0,0,349242,7.8958,,S,,
1148,3,0,male,,0,0,359309,8.05,,S,,
1149,1,0,male,64,1,4,19950,263,C23 C25 C27,S,,
1150,1,1,female,35,1,0,36973,83.475,C83,S,D,
1151,3,0,male,,0,0,330877,8.4583,,Q,,
1152,2,0,female,24,0,0,248747,13,,S,,
1153,3,0,male,,1,0,371110,24.15,,Q,,
1154,1,1,female,48,1,0,PC 17761,106.425,C86,C,2,
1155,3,1,male,31,0,0,STON/O 2. 3101288,7.925,,S,9,
1156,3,0,female,28,0,0,349245,7.8958,,S,,
1157,3,1,female,27,0,0,STON/O2. 3101283,7.925,,S,,
1158,2,1,male,3,1,1,230080,26,F2,S,D,
1159,3,0,male,26,0,0,349202,7.8958,,S,,
1160,2,1,female,8,1,1,26360,26,,S,11,
1161,3,0,female,36,0,2,350405,12.1833,,S,,
1162,2,0,male,14,0,0,220845,65,,S,,
1163,3,0,female,24,0,0,368702,7.75,,Q,,
1164,3,0,male,,0,0,330971,7.8792,,Q,,
1165,3,0,male,,0,0,359306,8.05,,S,,
1166,3,1,male,,0,0,1601,56.4958,,S,C,
1167,3,0,male,43,0,0,C 7075,6.45,,S,,
1168,1,1,male,48,1,0,PC 17572,76.7292,D33,C,3,
1169,2,0,male,18,0,0,29108,11.5,,S,,
1170,3,1,female,24,0,2,PP 9549,16.7,G6,S,13,
1171,3,0,male,,0,0,A.5. 3236,8.05,,S,,
1172,2,1,female,28,0,0,240929,12.65,,S,,
1173,1,0,male,25,0,0,13905,26,,C,,148
1174,3,0,female,,1,0,2689,14.4583,,C,,
1175,3,0,female,,1,2,W./C. 6607,23.45,,S,,
1176,1,1,female,26,0,0,19877,78.85,,S,6,
1177,3,0,female,21,0,0,315087,8.6625,,S,,
1178,3,0,male,27,0,0,315154,8.6625,,S,,131
1179,3,0,male,6,3,1,349909,21.075,,S,,
1180,3,0,male,22,0,0,A/5 21174,7.25,,S,,
1181,3,1,female,14,1,0,2651,11.2417,,C,C,
1182,3,0,male,21,0,0,312992,7.775,,S,,
1183,1,0,male,,0,0,110465,52,A14,S,,
1184,2,1,male,8,0,2,28220,32.5,,S,10,
1185,2,1,female,34,1,1,28220,32.5,,S,10,
1186,2,0,male,36,0,0,C.A. 17248,10.5,,S,,
1187,3,0,male,,0,0,A4. 54510,8.05,,S,,
1188,1,0,male,44,2,0,19928,90,C78,Q,,230
1189,3,0,male,31,0,0,21332,7.7333,,Q,,
1190,3,1,male,39,0,1,349256,13.4167,,C,15,
1191,3,1,female,33,1,2,C.A. 2315,20.575,,S,10,
1192,1,1,male,51,0,0,113055,26.55,E17,S,5 9,
1193,3,1,female,18,0,0,A/4 31416,8.05,,S,C,
1194,1,0,male,65,0,1,113509,61.9792,B30,C,,234
1195,2,0,male,18.5,0,0,248734,13,F,S,,294
1196,2,0,male,37,1,0,SC/AH 29037,26,,S,,17
1197,3,1,female,,0,0,A. 2. 39186,8.05,,S,C,
1198,3,0,male,29,0,0,347067,7.775,,S,,
1199,3,0,male,14,5,2,CA 2144,46.9,,S,,
1200,3,0,female,43,1,6,CA 2144,46.9,,S,,
1201,3,1,female,0.75,2,1,2666,19.2583,,C,C,
1202,3,0,male,32,0,0,STON/O 2. 3101292,7.925,,S,,
1203,3,0,male,,0,0,Fa 265302,7.3125,,S,,
1204,2,0,male,52,0,0,248731,13.5,,S,,130
1205,2,1,female,42,1,0,SC/AH 3085,26,,S,,
1206,3,0,male,,0,0,C.A. 42795,7.55,,S,,
1207,3,0,male,0.75,1,1,SOTON/O.Q. 3101315,13.775,,S,,
1208,1,1,female,30,0,0,36928,164.8667,C7,S,8,
1209,1,0,male,49,0,0,19924,26,,S,,
1210,1,1,female,22,0,1,113509,61.9792,B36,C,5,
1211,3,0,male,40.5,0,2,A/5. 851,14.5,,S,,255
1212,2,1,female,15,0,2,29750,39,,S,14,
1213,3,1,female,36,0,2,C.A. 37671,15.9,,S,2,
1214,3,0,male,16,1,1,C.A. 2673,20.25,,S,,190
1215,3,0,male,36,0,0,349210,7.4958,,S,,
1216,3,0,male,13,0,2,C.A. 2673,20.25,,S,,
1217,3,0,male,,0,0,2647,7.225,,C,,
1218,3,0,female,9,2,2,W./C. 6608,34.375,,S,,
1219,3,0,male,47,0,0,345765,9,,S,,
1220,3,0,male,19,0,0,365222,6.75,,Q,,
1221,3,0,male,30,0,0,2694,7.225,,C,,
1222,1,0,male,29,0,0,113501,30,D6,S,,126
1223,3,1,female,23,0,0,347469,7.8542,,S,10,
1224,3,0,male,34,1,1,347080,14.4,,S,,197
1225,3,1,female,22,0,0,7548,8.9625,,S,C,
1226,1,0,male,55,0,0,113787,30.5,C30,S,,
1227,3,0,male,60.5,0,0,3701,,,S,,261
1228,3,0,female,,8,2,CA. 2343,69.55,,S,,
1229,3,1,female,18,0,0,2657,7.2292,,C,C,
1230,1,1,female,36,1,2,113760,120,B96 B98,S,4,
1231,3,0,male,,1,0,370365,15.5,,Q,,
1232,1,1,female,35,1,0,113789,52,,S,8,
1233,1,1,female,35,0,0,113503,211.5,C130,C,4,
1234,3,0,male,36,1,0,349910,15.55,,S,A,
1235,1,0,male,21,0,1,35281,77.2875,D26,S,,169
1236,3,0,male,28,0,0,349207,7.8958,,S,,
1237,3,0,female,8,3,1,349909,21.075,,S,,
1238,3,0,male,,1,2,W./C. 6607,23.45,,S,,
1239,1,1,male,45,1,1,16966,134.5,E34,C,3,
1240,3,0,male,24,0,0,349209,7.4958,,S,,
1241,3,0,male,16,0,0,347074,7.775,,S,,
1242,3,0,male,28,0,0,347464,7.8542,,S,,
1243,2,1,female,36,0,0,27849,13,,S,9,
1244,1,0,male,30,0,0,113051,27.75,C111,C,,
1245,2,1,female,1,1,2,SC/Paris 2123,41.5792,,C,14,
1246,2,1,female,36,0,0,28551,13,D,S,10,
1247,3,0,female,,0,0,364498,14.5,,S,,
1248,3,1,male,22,0,0,2620,7.225,,C,6,
1249,1,1,female,40,1,1,16966,134.5,E34,C,3,
1250,3,0,male,4,4,1,382652,29.125,,Q,,
1251,3,0,male,,0,0,349217,7.8958,,S,,
1252,3,0,male,18,0,0,347078,7.75,,S,,
1253,2,1,female,24,1,0,SC/PARIS 2167,27.7208,,C,12,
1254,3,0,male,30,0,0,A.5. 18509,8.05,,S,,
1255,2,1,female,28,1,0,P/PP 3381,24,,C,10,
1256,3,0,male,42,0,0,348121,7.65,F G63,S,,120
1257,1,1,female,33,0,0,113781,151.55,,S,8,
1258,2,1,female,24,2,1,243847,27,,S,12,
1259,3,1,female,1,0,2,2653,15.7417,,C,C,
1260,3,0,male,24,2,0,A/4 48871,24.15,,S,,
1261,3,0,male,32,1,0,3101278,15.85,,S,D,
1262,1,1,female,23,0,1,11767,83.1583,C54,C,7,
1263,3,0,male,,1,0,386525,16.1,,S,,
1264,2,0,male,36,1,2,C.A. 34651,27.75,,S,,
1265,2,0,male,54,1,0,244252,26,,S,,
1266,3,1,male,45,0,0,7598,8.05,,S,15,
1267,2,1,female,36,0,3,230136,39,F4,S,11,
1268,2,1,female,26,0,0,220844,13.5,,S,9,
1269,1,1,female,,0,0,17421,110.8833,,C,4,
1270,2,0,male,18,0,0,S.O.C. 14879,73.5,,S,,
1271,3,0,male,10,4,1,382652,29.125,,Q,,
1272,2,1,female,,0,0,226593,12.35,E101,Q,10,
1273,1,1,female,30,0,0,PC 17485,56.9292,E36,C,1,
1274,3,0,male,28,0,0,C 4001,22.525,,S,,173
1275,3,0,male,,0,0,349208,7.8958,,S,,
1276,3,0,female,18.5,0,0,329944,7.2833,,Q,,299
1277,2,0,male,34,1,0,31027,21,,S,12,
1278,3,0,male,19,0,0,LINE,0,,S,,
1279,1,0,male,48,0,0,PC 17591,50.4958,B10,C,,208
1280,1,0,male,42,1,0,113789,52,,S,,38
1281,3,1,female,0.75,2,1,2666,19.2583,,C,C,
1282,3,0,female,,8,2,CA. 2343,69.55,,S,,
1283,1,1,female,63,1,0,13502,77.9583,D7,S,10,
1284,2,0,male,36,0,0,242963,13,,S,,
1285,1,0,male,40,0,0,112059,0,B94,S,,110
1286,1,1,male,31,0,0,2543,28.5375,C53,C,7,
1287,1,1,male,56,0,0,13213,35.5,A26,C,3,
1288,2,0,male,39,0,0,250655,26,,S,,
1289,3,1,male,27,0,0,347089,6.975,,S,15,
1290,2,1,female,2,1,1,26360,26,,S,11,
1291,1,1,female,30,0,0,12749,93.5,B73,S,3,
1292,3,0,male,44,0,1,371362,16.1,,S,,
1293,2,0,male,,0,0,239853,0,,S,,
1294,3,0,male,,0,0,349220,7.8958,,S,,
1295,2,0,male,32,2,0,S.O.C. 14879,73.5,,S,,256
1296,1,1,male,37,1,1,11751,52.5542,D35,S,5,
1297,1,1,female,15,0,1,24160,211.3375,B5,S,2,
1298,1,1,male,17,0,2,17421,110.8833,C70,C,B,
1299,1,0,male,36,0,0,13049,40.125,A10,C,,
1300,3,1,female,2,0,1,3101298,12.2875,,S,15,
1301,2,0,male,27,0,0,220367,13,,S,,
1302,2,0,male,34,1,0,244367,26,,S,,283
1303,3,0,female,26,1,0,A/5. 3336,16.1,,S,,
1304,3,1,male,32,0,0,SOTON/O.Q. 392078,8.05,E10,S,9,
1305,2,0,male,26,0,0,237670,13,,S,,
1306,1,1,female,64,0,2,PC 17756,83.1583,E45,C,14,
1307,1,1,female,39,1,0,13507,55.9,E44,S,11,
1308,2,0,male,27,0,0,244358,26,,S,,
1309,3,0,female,41,0,2,370129,20.2125,,S,,
